Date,JPM,WFC
2023-01-03,124.9287109375,38.44974899291992
2023-01-04,126.09369659423828,39.241004943847656
2023-01-05,126.06573486328124,39.02939224243164
2023-01-06,128.47808837890625,39.37901306152344
2023-01-09,127.94715118408205,39.00178909301758
2023-01-10,129.09278869628906,38.97418594360352
2023-01-11,130.05213928222656,39.32381439208984
2023-01-12,129.92172241210938,39.406612396240234
2023-01-13,133.20028686523438,40.685516357421875
2023-01-17,131.14187622070312,40.593502044677734
2023-01-18,127.20206451416016,39.91266250610352
2023-01-19,125.50688934326172,39.51702499389648
2023-01-20,125.8142318725586,40.40949249267578
2023-01-23,127.85403442382812,41.4307746887207
2023-01-24,128.9530792236328,40.89712905883789
2023-01-25,129.57713317871094,41.71599578857422
2023-01-26,130.3781280517578,42.14842224121094
2023-01-27,130.69479370117188,42.43364715576172
2023-01-30,129.58644104003906,42.59006118774414
2023-01-31,130.35948181152344,43.12370300292969
2023-02-01,130.014892578125,43.54693603515625
2023-02-02,129.4094696044922,43.73212432861328
2023-02-03,131.4119873046875,44.05620193481445
2023-02-06,132.18504333496094,44.14879608154297
2023-02-07,133.79637145996094,44.565467834472656
2023-02-08,132.8556671142578,44.67658233642578
2023-02-09,130.78793334960938,44.04694366455078
2023-02-10,131.3654327392578,43.99138641357422
2023-02-13,132.79046630859375,44.565467834472656
2023-02-14,133.3772735595703,44.90806579589844
2023-02-15,133.9361114501953,44.41732025146485
2023-02-16,132.09194946289062,43.722862243652344
2023-02-17,132.48309326171875,43.97286605834961
2023-02-21,130.05213928222656,42.81543731689453
2023-02-22,129.05557250976562,42.60247802734375
2023-02-23,130.0894012451172,42.8246955871582
2023-02-24,131.26296997070312,43.16730117797851
2023-02-27,132.40858459472656,43.31544876098633
2023-02-28,133.51698303222656,43.306190490722656
2023-03-01,132.77186584472656,43.22285842895508
2023-03-02,131.3933563232422,42.40802001953125
2023-03-03,133.8057098388672,43.38026428222656
2023-03-06,133.02333068847656,43.17655944824219
2023-03-07,129.11141967773438,41.15800476074219
2023-03-08,128.34767150878906,40.59318923950195
2023-03-09,121.39938354492188,38.083892822265625
2023-03-10,124.48233032226562,38.29685592651367
2023-03-13,122.24695587158205,35.56533432006836
2023-03-14,125.38580322265624,37.19499206542969
2023-03-15,119.46205139160156,35.97274398803711
2023-03-16,121.78125,36.3894157409668
2023-03-17,117.18011474609376,34.963470458984375
2023-03-20,118.41889190673828,34.70420837402344
2023-03-21,121.59498596191406,35.63015365600586
2023-03-22,118.45613098144533,34.44495391845703
2023-03-23,118.13945770263672,33.898643493652344
2023-03-24,116.34185791015624,33.54678726196289
2023-03-27,119.67628479003906,34.69495391845703
2023-03-28,120.03954315185548,34.426429748535156
2023-03-29,120.28170776367188,35.157920837402344
2023-03-30,119.91844177246094,34.61161804199219
2023-03-31,121.37144470214844,34.61161804199219
2023-04-03,121.2317352294922,34.92643737792969
2023-04-04,119.61107635498048,34.083839416503906
2023-04-05,119.78943634033205,34.15791320800781
2023-04-06,119.65802001953124,35.09311294555664
2023-04-10,120.0522918701172,35.76904296875
2023-04-11,120.6436767578125,36.45423889160156
2023-04-12,120.62489318847656,36.28756332397461
2023-04-13,121.0848617553711,36.722755432128906
2023-04-14,130.2279510498047,36.70424270629883
2023-04-17,131.26055908203125,38.24129867553711
2023-04-18,132.7342987060547,38.769081115722656
2023-04-19,132.56533813476562,39.1116828918457
2023-04-20,132.18048095703125,38.58389663696289
2023-04-21,131.92703247070312,38.18574523925781
2023-04-24,132.10537719726562,38.38019943237305
2023-04-25,129.23291015625,37.546844482421875
2023-04-26,126.94244384765624,36.53757095336914
2023-04-27,128.65089416503906,36.722755432128906
2023-04-28,129.7679901123047,36.80608367919922
2023-05-01,132.5465850830078,37.39869689941406
2023-05-02,130.4062957763672,35.96348571777344
2023-05-03,127.64647674560548,35.787559509277344
2023-05-04,125.90049743652344,34.266475677490234
2023-05-05,128.35992431640625,35.404945373535156
2023-05-08,128.669677734375,35.815555572509766
2023-05-09,128.05015563964844,35.964866638183594
2023-05-10,128.11585998535156,35.722232818603516
2023-05-11,127.71219635009766,35.768898010253906
2023-05-12,125.88169860839844,34.98501968383789
2023-05-15,126.94244384765624,36.17949676513672
2023-05-16,126.08820343017578,35.824886322021484
2023-05-17,129.96511840820312,37.75657653808594
2023-05-18,130.9507598876953,37.52327346801758
2023-05-19,130.65036010742188,37.35530853271485
2023-05-22,129.5708465576172,38.24183654785156
2023-05-23,128.21910095214844,38.45646286010742
2023-05-24,127.0457000732422,38.13917922973633
2023-05-25,127.3554916381836,38.16716766357422
2023-05-26,128.5476531982422,38.475120544433594
2023-05-30,129.03578186035156,38.24183654785156
2023-05-31,127.39305877685548,37.15000534057617
2023-06-01,129.14842224121094,37.383304595947266
2023-06-02,131.861328125,38.48445892333984
2023-06-05,130.5658721923828,37.74724578857422
2023-06-06,130.8005828857422,38.50312423706055
2023-06-07,132.0678253173828,39.25899887084961
2023-06-08,132.10537719726562,39.53895568847656
2023-06-09,132.3682098388672,39.31499481201172
2023-06-12,132.35885620117188,39.035037994384766
2023-06-13,133.31634521484375,39.80023956298828
2023-06-14,132.81878662109375,39.268333435058594
2023-06-15,134.3207550048828,39.52962875366211
2023-06-16,134.48033142089844,39.36165237426758
2023-06-20,133.79505920410156,39.091026306152344
2023-06-21,133.5979461669922,38.8670654296875
2023-06-22,131.0258331298828,38.31648635864258
2023-06-23,130.340576171875,37.89655685424805
2023-06-26,130.65975952148438,37.877891540527344
2023-06-27,130.66915893554688,38.17650604248047
2023-06-28,130.0965576171875,37.9058837890625
2023-06-29,134.63990783691406,39.61361312866211
2023-06-30,136.5267333984375,39.8282470703125
2023-07-03,137.62501525878906,40.50014114379883
2023-07-05,136.7082061767578,40.57479095458984
2023-07-06,135.3566436767578,40.024208068847656
2023-07-07,136.42465209960938,39.912227630615234
2023-07-10,137.1902313232422,39.49229431152344
2023-07-11,139.33575439453125,39.88424301147461
2023-07-12,140.02574157714844,40.369483947753906
2023-07-13,140.70623779296875,40.78942108154297
2023-07-14,141.55690002441406,40.64944076538086
2023-07-17,144.9689178466797,41.75059509277344
2023-07-18,145.23358154296875,42.553131103515625
2023-07-19,145.7912139892578,43.16902923583984
2023-07-20,147.5870361328125,43.98090744018555
2023-07-21,146.45285034179688,42.88908004760742
2023-07-24,149.33558654785156,43.31834030151367
2023-07-25,148.2202911376953,42.44115447998047
2023-07-26,149.10873413085938,43.337005615234375
2023-07-27,147.4641571044922,42.71177291870117
2023-07-28,148.30538940429688,43.05705261230469
2023-07-31,149.29779052734375,43.07571792602539
2023-08-01,148.560546875,42.65578079223633
2023-08-02,146.87815856933594,42.0865364074707
2023-08-03,147.77606201171875,42.462738037109375
2023-08-04,147.4641571044922,42.18059158325195
2023-08-07,148.16357421875,42.37809753417969
2023-08-08,147.33184814453125,41.832618713378906
2023-08-09,145.3564453125,41.11785125732422
2023-08-10,145.13905334472656,41.070823669433594
2023-08-11,145.98025512695312,41.127254486083984
2023-08-14,146.28268432617188,41.13665771484375
2023-08-15,142.5587615966797,40.186771392822266
2023-08-16,141.95387268066406,39.70712661743164
2023-08-17,140.47943115234375,39.94224166870117
2023-08-18,140.80078125,39.970458984375
2023-08-21,141.28277587890625,39.961055755615234
2023-08-22,138.35279846191406,39.02997589111328
2023-08-23,139.28851318359375,39.13343048095703
2023-08-24,139.15618896484375,38.964149475097656
2023-08-25,138.98605346679688,38.77604675292969
2023-08-28,139.46810913085938,39.387359619140625
2023-08-29,140.60226440429688,39.50022506713867
2023-08-30,140.03518676757812,39.067596435546875
2023-08-31,138.3055419921875,38.83247756958008
2023-09-01,138.76869201660156,39.17105865478515
2023-09-05,137.23753356933594,39.067596435546875
2023-09-06,137.01068115234375,38.57854461669922
2023-09-07,135.83865356445312,38.02366256713867
2023-09-08,135.94264221191406,38.55973815917969
2023-09-11,136.53811645507812,38.87009811401367
2023-09-12,138.3149871826172,40.008079528808594
2023-09-13,138.3811492919922,39.73534393310547
2023-09-14,141.06541442871094,40.48772048950195
2023-09-15,140.6495361328125,40.393680572509766
2023-09-18,140.9425506591797,40.84510803222656
2023-09-19,140.76296997070312,40.647613525390625
2023-09-20,140.1675262451172,40.31843948364258
2023-09-21,139.07110595703125,39.801177978515625
2023-09-22,137.7384033203125,38.77604675292969
2023-09-25,138.4189453125,39.08641052246094
2023-09-26,136.9822998046875,38.23057174682617
2023-09-27,137.7856903076172,38.42807388305664
2023-09-28,139.49644470214844,38.47509002685547
2023-09-29,137.06739807128906,38.42807388305664
2023-10-02,135.8859405517578,37.25246810913086
2023-10-03,134.8840789794922,36.368412017822266
2023-10-04,135.48895263671875,36.65055847167969
2023-10-05,136.0602264404297,36.96091842651367
2023-10-06,138.15493774414062,37.32770538330078
2023-10-09,137.84072875976562,37.33711242675781
2023-10-10,138.67860412597656,37.449974060058594
2023-10-11,139.15469360351562,37.32770538330078
2023-10-12,138.83096313476562,37.374732971191406
2023-10-13,140.91615295410156,38.522117614746094
2023-10-16,140.7733154296875,39.17105865478515
2023-10-17,140.46861267089844,39.48141098022461
2023-10-18,138.92617797851562,39.058197021484375
2023-10-19,138.33583068847656,38.72902297973633
2023-10-20,136.10784912109375,37.87318420410156
2023-10-23,134.25119018554688,37.13020706176758
2023-10-24,134.41307067871094,36.94211196899414
2023-10-25,133.67991638183594,36.70698928833008
2023-10-26,134.02267456054688,37.29009246826172
2023-10-27,129.19534301757812,36.45305633544922
2023-10-30,130.842529296875,37.08318328857422
2023-10-31,132.404052734375,37.40294647216797
2023-11-01,132.28977966308594,37.25246810913086
2023-11-02,134.65109252929688,38.43854904174805
2023-11-03,136.15545654296875,39.491790771484375
2023-11-06,137.1837615966797,39.226104736328125
2023-11-07,137.1171112060547,38.94144821166992
2023-11-08,137.7931365966797,38.88451385498047
2023-11-09,137.3837127685547,38.33417892456055
2023-11-10,139.42127990722656,38.79912185668945
2023-11-13,138.80239868164062,38.68524932861328
2023-11-14,141.3350830078125,39.92826843261719
2023-11-15,142.57286071777344,40.64940643310547
2023-11-16,144.2010040283203,40.35525894165039
2023-11-17,145.5054168701172,40.763275146484375
2023-11-20,145.95291137695312,40.60196685791016
2023-11-21,145.64825439453125,40.42167663574219
2023-11-22,145.99102783203125,40.59247589111328
2023-11-24,146.1909637451172,40.72531509399414
2023-11-27,145.8577117919922,40.82020568847656
2023-11-28,146.1909637451172,41.152305603027344
2023-11-29,146.9336395263672,41.54133987426758
2023-11-30,148.60939025878906,42.30991744995117
2023-12-01,149.3330078125,42.71793746948242
2023-12-04,150.42796325683594,42.81282043457031
2023-12-05,150.408935546875,42.21503829956055
2023-12-06,148.82838439941406,42.22452163696289
2023-12-07,149.28541564941406,43.0785026550293
2023-12-08,150.9326171875,43.742713928222656
2023-12-11,151.48483276367188,43.647830963134766
2023-12-12,152.83689880371094,44.09379196166992
2023-12-13,153.35104370117188,45.31782913208008
2023-12-14,156.1408233642578,47.927207946777344
2023-12-15,157.3214569091797,47.7374382019043
2023-12-18,158.27359008789062,47.12066650390625
2023-12-19,160.38731384277344,47.5286865234375
2023-12-20,158.57827758789062,46.81703567504883
2023-12-21,159.4827880859375,46.92141342163086
2023-12-22,159.38755798339844,46.66521835327149
2023-12-26,160.33018493652344,47.10169219970703
2023-12-27,161.2918243408203,46.80755233764648
2023-12-28,162.14877319335938,46.94987869262695
2023-12-29,161.9583740234375,46.70317077636719
2024-01-02,163.84356689453125,46.80755233764648
2024-01-03,163.1294708251953,46.19078826904297
2024-01-04,164.2120361328125,46.76010513305664
2024-01-05,165.03590393066406,47.36738204956055
2024-01-08,164.79641723632812,47.36738204956055
2024-01-09,163.49354553222656,46.76959228515625
2024-01-10,163.83839416503906,46.570335388183594
2024-01-11,163.1486358642578,46.53237533569336
2024-01-12,161.95114135742188,44.97623825073242
2024-01-16,160.93565368652344,44.4258918762207
2024-01-17,160.0734405517578,44.28356170654297
2024-01-18,160.3895721435547,44.0653190612793
2024-01-19,163.158203125,45.659423828125
2024-01-22,162.96661376953125,46.0484504699707
2024-01-23,161.89364624023438,46.60828399658203
2024-01-24,163.34024047851562,46.9593620300293
2024-01-25,165.67779541015625,47.32942581176758
2024-01-26,165.0454864501953,47.746925354003906
2024-01-29,165.4766082763672,47.775386810302734
2024-01-30,168.86795043945312,48.57243728637695
2024-01-31,167.03814697265625,47.61408233642578
2024-02-01,166.43458557128906,46.562992095947266
2024-02-02,167.39259338378906,46.973876953125
2024-02-05,167.17225646972656,46.534332275390625
2024-02-06,167.7470703125,46.1425666809082
2024-02-07,168.06320190429688,46.32412338256836
2024-02-08,167.4596710205078,46.19989013671875
2024-02-09,167.66082763671875,45.922794342041016
2024-02-12,168.4080810546875,46.74454879760742
2024-02-13,166.94232177734375,46.09478759765625
2024-02-14,168.6380157470703,46.37188720703125
2024-02-15,172.31675720214844,49.72580337524414
2024-02-16,171.5120391845703,49.601585388183594
2024-02-20,172.18264770507812,49.46780776977539
2024-02-21,173.30349731445312,50.3182373046875
2024-02-22,175.38238525390625,50.99666213989258
2024-02-23,176.2637481689453,51.464874267578125
2024-02-26,175.66021728515625,51.72286605834961
2024-02-27,175.74642944335938,52.37262344360352
2024-02-28,176.6373748779297,52.28662872314453
2024-02-29,178.24684143066406,53.11793518066406
2024-03-01,177.50917053222656,52.61150741577149
2024-03-04,178.84078979492188,53.32815933227539
2024-03-05,180.63226318359375,54.08302307128906
2024-03-06,181.57110595703125,54.57035446166992
2024-03-07,179.98080444335938,54.465240478515625
2024-03-08,180.31613159179688,54.53212356567383
2024-03-11,180.3831787109375,54.551231384277344
2024-03-12,181.86810302734375,55.04811096191406
2024-03-13,183.34344482421875,55.24877166748047
2024-03-14,180.0766143798828,54.81878280639648
2024-03-15,182.3087615966797,54.95255661010742
2024-03-18,184.56968688964844,55.20099258422851
2024-03-19,185.6522216796875,54.47478866577149
2024-03-20,188.08558654785156,54.75189208984375
2024-03-21,190.7009124755859,55.27743148803711
2024-03-22,188.36338806152344,54.58945846557617
2024-03-25,186.63897705078125,54.20724105834961
2024-03-26,187.51075744628903,54.15946960449219
2024-03-27,191.14161682128903,55.04811096191406
2024-03-28,191.88885498046875,55.38254165649414
2024-04-01,190.58596801757812,55.04811096191406
2024-04-02,190.5093231201172,54.7996711730957
2024-04-03,189.97283935546875,54.58945846557617
2024-04-04,188.52745056152344,54.15946960449219
2024-04-05,190.2619171142578,54.847450256347656
2024-04-08,191.25440979003903,55.22010040283203
2024-04-09,189.97283935546875,55.01944351196289
2024-04-10,188.35398864746097,54.407901763916016
2024-04-11,188.31544494628903,54.16901779174805
2024-04-12,176.1355743408203,53.95880889892578
2024-04-15,176.23196411132812,54.43657302856445
2024-04-16,174.21804809570312,53.9014778137207
2024-04-17,173.52427673339844,54.637229919433594
2024-04-18,174.65167236328125,56.12785720825195
2024-04-19,179.0360107421875,57.666263580322266
2024-04-22,182.51461791992188,58.382904052734375
2024-04-23,185.1452178955078,58.23002624511719
2024-04-24,186.0510101318359,57.90514373779297
2024-04-25,186.3304443359375,57.26494216918945
2024-04-26,186.44607543945312,57.245826721191406
2024-04-29,186.2437438964844,57.140724182128906
2024-04-30,184.759765625,56.68206787109375
2024-05-01,184.8754119873047,56.873172760009766
2024-05-02,184.6826934814453,57.16938781738281
2024-05-03,183.57455444335935,57.27449417114258
2024-05-06,185.01031494140625,57.51337432861328
2024-05-07,184.7694091796875,57.58027267456055
2024-05-08,188.52745056152344,58.50712966918945
2024-05-09,190.31008911132812,58.89154052734375
2024-05-10,191.53387451171875,59.47776412963867
2024-05-13,191.49530029296875,58.872314453125
2024-05-14,194.17410278320312,59.47776412963867
2024-05-15,194.75225830078125,59.91022109985352
2024-05-16,195.0991668701172,58.68011474609375
2024-05-17,197.3347015380859,58.69933319091797
2024-05-20,188.45997619628903,58.33414840698242
2024-05-21,192.2565765380859,59.06452560424805
2024-05-22,191.0905914306641,58.55518341064453
2024-05-23,189.7512054443359,57.35390090942383
2024-05-24,193.4032287597656,57.863243103027344
2024-05-28,192.23727416992188,57.16169738769531
2024-05-29,190.8979034423828,56.460147857666016
2024-05-30,192.0735015869141,56.902217864990234
2024-05-31,195.2533416748047,57.58454132080078
2024-06-03,194.4728240966797,57.02715301513672
2024-06-04,191.90968322753903,56.41209411621094
2024-06-05,190.07882690429688,56.392879486083984
2024-06-06,189.74156188964844,55.47990417480469
2024-06-07,192.6708984375,56.08534622192383
2024-06-10,192.34329223632812,55.6721076965332
2024-06-11,187.2844085693359,54.903297424316406
2024-06-12,184.55743408203125,55.0666618347168
2024-06-13,186.6099090576172,55.03782653808594
2024-06-14,186.7255096435547,55.16276931762695
2024-06-17,187.8818359375,55.970027923583984
2024-06-18,189.82827758789065,56.74845504760742
2024-06-20,191.43751525878903,56.661956787109375
2024-06-21,189.15379333496097,55.835487365722656
2024-06-24,191.6398773193359,56.71001052856445
2024-06-25,190.85935974121097,54.97056579589844
2024-06-26,190.24264526367188,54.7879638671875
2024-06-27,191.91929626464844,55.18198776245117
2024-06-28,194.89682006835935,57.07520294189453
2024-07-01,197.97067260742188,58.22842788696289
2024-07-02,201.22764587402344,58.5936279296875
2024-07-03,201.0927276611328,58.29570770263672
2024-07-05,198.4281311035156,57.29623794555664
2024-07-08,198.79635620117188,56.71001052856445
2024-07-09,201.1799468994141,57.54610824584961
2024-07-10,201.3446350097656,57.3923454284668
2024-07-11,201.00550842285156,57.815189361572266
2024-07-12,198.5735015869141,54.33628845214844
2024-07-15,203.52476501464844,55.47990417480469
2024-07-16,206.98387145996097,57.8920783996582
2024-07-17,210.1328887939453,58.53596496582031
2024-07-18,203.4569091796875,56.931053161621094
2024-07-19,203.2631378173828,56.92144012451172
2024-07-22,203.7476043701172,56.83494567871094
2024-07-23,203.7960662841797,57.34428787231445
2024-07-24,202.110107421875,57.12324905395508
2024-07-25,202.18760681152344,57.37312316894531
2024-07-26,205.646728515625,58.036224365234375
2024-07-29,204.29991149902344,57.26741027832031
2024-07-30,208.5050811767578,57.67103576660156
2024-07-31,206.1893310546875,57.02715301513672
2024-08-01,201.4997100830078,54.66304016113281
2024-08-02,192.95367431640625,51.18412780761719
2024-08-05,188.8453826904297,50.08856201171875
2024-08-06,194.11639404296875,50.3192024230957
2024-08-07,194.1745147705078,50.25193405151367
2024-08-08,197.72084045410156,50.703609466552734
2024-08-09,199.4067840576172,51.09096145629883
2024-08-12,199.78468322753903,50.41310501098633
2024-08-13,201.4803009033203,51.197479248046875
2024-08-14,203.70887756347656,51.96248626708984
2024-08-15,204.97816467285156,52.84370040893555
2024-08-16,207.322998046875,53.57965850830078
2024-08-19,208.75698852539065,54.66423034667969
2024-08-20,207.8559112548828,54.373722076416016
2024-08-21,207.93341064453125,53.705543518066406
2024-08-22,209.9003448486328,54.18973159790039
2024-08-23,211.52813720703125,54.90631866455078
2024-08-26,212.3614501953125,54.92568588256836
2024-08-27,213.34005737304688,54.48023986816406
2024-08-28,214.41558837890625,55.26462173461914
2024-08-29,215.30699157714844,55.53575897216797
2024-08-30,217.81655883789065,56.62032699584961
2024-09-03,213.4563446044922,56.52348709106445
2024-09-04,212.51646423339844,56.28139877319336
2024-09-05,210.86927795410156,55.06126022338867
2024-09-06,205.85987854003903,52.2917366027832
2024-09-09,210.0747528076172,52.86307144165039
2024-09-10,199.1742248535156,52.243316650390625
2024-09-11,200.7923583984375,52.0302734375
2024-09-12,200.18191528320312,49.9386100769043
2024-09-13,197.97276306152344,51.110328674316406
2024-09-16,201.40280151367188,52.088375091552734
2024-09-17,202.74961853027344,52.78559494018555
2024-09-18,201.08303833007812,52.54350662231445
2024-09-19,203.94139099121097,54.0347900390625
2024-09-20,204.5324554443359,54.50929260253906
2024-09-23,204.87156677246097,53.36661529541016
2024-09-24,205.0169219970703,52.44667434692383
2024-09-25,203.6604156494141,51.91407012939453
2024-09-26,203.2631378173828,54.60612869262695
2024-09-27,203.96078491210935,54.13163375854492
2024-09-30,204.30960083007812,54.70296478271485
2024-10-01,200.60826110839844,53.63776397705078
2024-10-02,200.8504943847656,53.55060958862305
2024-10-03,198.85447692871097,53.240726470947266
2024-10-04,205.91256713867188,55.15809631347656
2024-10-07,205.6298370361328,55.35177230834961
2024-10-08,205.4543609619141,55.48733139038086
2024-10-09,208.05728149414065,55.71975326538086
2024-10-10,207.49185180664065,55.923095703125
2024-10-11,216.7043914794922,59.06061172485352
2024-10-14,215.91476440429688,60.1935920715332
2024-10-15,216.8018798828125,61.03607177734375
2024-10-16,218.02049255371097,61.868865966796875
2024-10-17,218.7808837890625,62.34336471557617
2024-10-18,219.70701599121097,62.323997497558594
2024-10-21,217.3965606689453,61.9947509765625
2024-10-22,218.48841857910156,62.759761810302734
2024-10-23,217.7962646484375,62.51767349243164
2024-10-24,219.32679748535156,63.36015701293945
2024-10-25,216.7238922119141,62.488624572753906
2024-10-28,219.833740234375,63.53446578979492
2024-10-29,217.299072265625,63.23426818847656
2024-10-30,218.77113342285156,63.34078598022461
2024-10-31,216.34368896484375,62.86628341674805
2024-11-01,217.3380584716797,62.63387680053711
2024-11-04,214.25746154785156,61.68487930297851
2024-11-05,215.9245147705078,62.043174743652344
2024-11-06,240.85198974609375,70.17744445800781
2024-11-07,230.4403533935547,67.61126708984375
2024-11-08,231.02528381347656,68.21511840820312
2024-11-11,233.2772216796875,70.66946411132812
2024-11-12,233.5404510498047,70.70841979980469
2024-11-13,235.10025024414065,70.87399291992188
2024-11-14,235.7924041748047,70.90321350097656
2024-11-15,239.14596557617188,72.40308380126953
2024-11-18,238.8730010986328,72.15959167480469
2024-11-19,236.9817352294922,71.51679992675781
2024-11-20,234.72979736328125,71.66288757324219
2024-11-21,238.6097869873047,72.88032531738281
2024-11-22,242.30455017089844,73.98087310791016
2024-11-25,244.00083923339844,74.8963851928711
2024-11-26,243.6888732910156,75.33465576171875
2024-11-27,243.5133819580078,75.19831085205078
2024-11-29,243.44515991210935,74.1854019165039
2024-12-02,240.06234741210935,73.31859588623047
2024-12-03,238.6682891845703,72.20829010009766
2024-12-04,237.2839508056641,71.15643310546875
2024-12-05,239.31167602539065,71.74081420898438
2024-12-06,241.1444396972656,72.39335632324219
2024-12-09,237.68365478515625,70.72789764404297
2024-12-10,236.75753784179688,70.17276000976562
2024-12-11,237.41067504882812,69.7344741821289
2024-12-12,235.4609375,68.95531463623047
2024-12-13,233.910888671875,68.60470581054688
2024-12-16,233.55995178222656,70.10458374023438
2024-12-17,232.37060546875,68.96505737304688
2024-12-18,224.58135986328125,66.96847534179688
2024-12-19,227.10630798339844,67.05612182617188
2024-12-20,231.6297149658203,68.5073013305664
2024-12-23,232.3998565673828,68.70209503173828
2024-12-24,236.22134399414065,69.72473907470703
2024-12-26,237.03048706054688,69.89030456542969
2024-12-27,235.11000061035156,69.25724029541016
2024-12-30,233.30648803710935,68.57548522949219
2024-12-31,233.68667602539065,68.40990447998047
2025-01-02,233.9694061279297,68.36121368408203
2025-01-03,237.16696166992188,69.45203399658203
2025-01-06,236.0106658935547,70.15325927734375
2025-01-07,238.2840576171875,69.72473907470703
2025-01-08,238.244873046875,69.70526123046875
2025-01-10,235.0503692626953,68.13719940185547
2025-01-13,239.3031768798828,68.69235229492188
2025-01-14,242.49766540527344,69.33516693115234
2025-01-15,247.27963256835935,73.97114562988281
2025-01-16,249.16102600097656,73.97114562988281
2025-01-17,253.95278930664065,75.07169342041016
2025-01-21,257.74505615234375,75.8216323852539
2025-01-22,257.5588684082031,75.51971435546875
2025-01-23,260.6063537597656,75.41258239746094
2025-01-24,259.5186462402344,75.3054428100586
2025-01-27,260.5083923339844,75.9092788696289
2025-01-28,261.7724609375,75.85084533691406
2025-01-29,261.2236633300781,76.32807922363281
2025-01-30,262.8405456542969,76.76636505126953
2025-01-31,261.92919921875,76.74687957763672
2025-02-03,261.44903564453125,76.10407257080078
2025-02-04,262.556396484375,77.39942169189453
2025-02-05,264.9963073730469,77.96431732177734
2025-02-06,271.3363342285156,79.29861450195312
2025-02-07,270.2584228515625,78.9560546875
2025-02-10,265.5941162109375,77.4194107055664
2025-02-11,269.4647216796875,77.94793701171875
2025-02-12,269.9154968261719,77.56623077392578
2025-02-13,270.7679748535156,77.17472076416016
2025-02-14,271.0325622558594,78.28072357177734
2025-02-18,274.3250732421875,79.06371307373047
2025-02-19,273.6391296386719,78.6428451538086
2025-02-20,261.43927001953125,76.95938873291016
2025-02-21,258.93072509765625,75.85340118408203
2025-02-24,256.0889587402344,75.57935333251953
2025-02-25,252.22813415527344,74.3852767944336
2025-02-26,253.5902099609375,74.8257064819336
2025-02-27,253.844970703125,74.99210357666016
2025-02-28,259.33245849609375,76.65597534179688
2025-03-03,255.38343811035156,75.39339447021484
2025-03-04,245.2218017578125,71.74264526367188
2025-03-05,246.47607421875,72.58436584472656
2025-03-06,241.5863494873047,71.10645294189453
2025-03-07,237.41195678710935,69.54045104980469
2025-03-10,227.5540771484375,65.36116790771484
2025-03-11,224.5359649658203,65.85054016113281
2025-03-12,223.3208770751953,67.46549224853516
2025-03-13,220.66534423828125,67.00546264648438
2025-03-14,227.7696533203125,69.34468841552734
2025-03-17,229.2297210693359,69.33489990234375
2025-03-18,230.24880981445312,69.59916687011719
2025-03-19,234.30564880371097,71.21411895751953
2025-03-20,234.2076416015625,70.97920227050781
2025-03-21,236.77500915527344,70.97920227050781
2025-03-24,243.0758056640625,72.70182037353516
2025-03-25,246.08413696289065,72.66266632080078
2025-03-26,245.98614501953125,71.90902709960938
2025-03-27,243.1345977783203,70.74431610107422
2025-03-28,237.9705047607422,69.1880874633789
2025-03-31,240.3712615966797,70.26472473144531
2025-04-01,238.76422119140625,69.794921875
2025-04-02,240.88084411621097,70.7247314453125
2025-04-03,224.09500122070312,64.27474975585938
2025-04-04,207.32411193847656,59.68439865112305
2025-04-07,211.42564392089844,60.8491096496582
2025-04-08,213.82147216796875,60.76103210449219
2025-04-09,231.0458984375,64.92073059082031
2025-04-10,223.9175262451172,61.76914596557617
2025-04-11,232.8797607421875,61.181884765625
2025-04-14,231.42056274414065,61.75935363769531
2025-04-15,229.8529052734375,63.168758392333984
2025-04-16,226.38238525390625,62.62065887451172
2025-04-17,228.69937133789065,63.33514404296875
2025-04-21,225.7711181640625,62.650020599365234
2025-04-22,232.27833557128903,64.8228530883789
2025-04-23,237.49398803710935,66.49652099609375
2025-04-24,241.2011260986328,68.08209228515625
2025-04-25,240.12644958496097,68.24848937988281
2025-04-28,239.80108642578125,67.95486450195312
2025-04-29,241.181396484375,69.5893783569336
2025-04-30,241.181396484375,69.50128936767578
2025-05-01,243.41949462890625,70.28429412841797
2025-05-02,248.96047973632812,72.23202514648438
2025-05-05,249.00978088378903,72.28095245361328
2025-05-06,245.74630737304688,71.91881561279297
2025-05-07,245.88433837890625,71.62518310546875
2025-05-08,249.90701293945312,71.75242614746094
2025-05-09,249.52247619628903,71.29972839355469
2025-05-12,256.3945007324219,73.69114685058594
2025-05-13,259.31292724609375,74.78352355957031
2025-05-14,261.90594482421875,75.06892395019531
2025-05-15,263.7298889160156,74.3898696899414
2025-05-16,263.7989196777344,74.97051239013672
2025-05-19,261.1565856933594,74.85240936279297
2025-05-20,261.94537353515625,74.32099151611328
2025-05-21,257.3705749511719,72.02798461914062
2025-05-22,257.00579833984375,72.22480010986328
2025-05-23,257.0451965332031,71.67369842529297
2025-05-27,261.56085205078125,72.81527709960938
2025-05-28,259.7861633300781,72.55941009521484
2025-05-29,260.65374755859375,73.3270263671875
2025-05-30,260.2889709472656,73.59273529052734
2025-06-02,260.9397277832031,73.53369140625
2025-06-03,262.5270690917969,74.44892120361328
2025-06-04,260.505859375,74.1832046508789
2025-06-05,258.2677917480469,73.71083068847656
2025-06-06,261.9946594238281,75.11813354492188
2025-06-09,262.9904479980469,75.24606323242188
2025-06-10,264.8243103027344,74.25209045410156
2025-06-11,264.3806457519531,73.7403564453125
2025-06-12,264.4693603515625,72.83496856689453
2025-06-13,261.2256164550781,71.2111587524414
2025-06-16,266.5595397949219,71.98861694335938
2025-06-17,265.73138427734375,71.34893798828125
2025-06-18,270.10894775390625,73.5533676147461
2025-06-20,271.13433837890625,74.20289611816406
2025-06-23,274.3583679199219,75.7873306274414
2025-06-24,277.30633544921875,76.86986541748047
2025-06-25,280.0669860839844,77.81462097167969
2025-06-26,284.6910705566406,78.69049835205078
2025-06-27,283.0740966796875,78.23779296875
2025-06-30,285.83477783203125,78.84796142578125
2025-07-01,286.3277282714844,80.19620513916016
2025-07-02,287.8953857421875,81.0523910522461
2025-07-03,293.2451171875,82.272705078125
2025-07-07,289.25262451171875,81.03270721435547
2025-07-08,280.1481628417969,80.29460906982422
2025-07-09,280.524658203125,80.49144744873047
2025-07-10,285.5078125,81.0523910522461
2025-07-11,284.190185546875,81.2393798828125
2025-07-14,286.0130615234375,82.10540771484375
2025-07-15,283.8830871582031,77.60795593261719
2025-07-16,283.1598815917969,78.64128875732422
2025-07-17,287.201904296875,78.4444580078125
2025-07-18,288.55914306640625,79.35969543457031
2025-07-21,288.2619323730469,79.00541687011719
2025-07-22,288.7176513671875,81.07206726074219
2025-07-23,293.998046875,82.3711166381836
2025-07-24,293.78997802734375,82.53842163085938
2025-07-25,295.84075927734375,82.98126983642578
2025-07-28,295.50390625,81.75111389160156
2025-07-29,294.27545166015625,81.33778381347656
2025-07-30,296.8413391113281,80.48159790039062
2025-07-31,293.4828796386719,79.349853515625
2025-08-01,286.6768493652344,76.54510498046875
2025-08-04,291.5213317871094,76.3482894897461
2025-08-05,288.658203125,76.72225189208984
2025-08-06,288.6383972167969,76.3778076171875
2025-08-07,284.2694396972656,75.82670593261719
2025-08-08,286.0725402832031,77.06407928466797
2025-08-11,286.8650817871094,76.80669403076172
2025-08-12,290.12445068359375,78.67762756347656
2025-08-13,287.8260192871094,77.10367584228516
2025-08-14,291.4222717285156,78.60833740234375
2025-08-15,287.7864074707031,76.32164764404297
2025-08-18,288.8167419433594,76.65821838378906
2025-08-19,287.954833984375,76.74730682373047
2025-08-20,289.5201110839844,77.3709487915039
2025-08-21,288.7572937011719,77.04428100585938
2025-08-22,293.4828796386719,78.30145263671875
2025-08-25,292.1553649902344,79.38045501708984
2025-08-26,295.7912292480469,80.6871337890625
2025-08-27,296.4945983886719,81.66712951660156
2025-08-28,298.2679443359375,81.15238952636719
2025-08-29,298.6147155761719,81.3503646850586
2025-09-02,296.91070556640625,80.95439910888672
2025-09-03,296.72247314453125,79.69722747802734
2025-09-04,300.99237060546875,81.00389862060547
2025-09-05,291.6402282714844,78.16287231445312
2025-09-08,290.18389892578125,78.34105682373047
2025-09-09,295.0779113769531,79.9447021484375
2025-09-10,297.7428894042969,79.48934173583984
2025-09-11,302.7161560058594,80.42974853515625
2025-09-12,304.0535888671875,80.63762664794922
2025-09-15,306.0250549316406,80.58814239501953
2025-09-16,306.3123474121094,80.5683364868164
2025-09-17,308.8485412597656,81.6473388671875
2025-09-18,310.3147888183594,82.65704345703125
2025-09-19,311.850341796875,83.78553009033203
2025-09-22,309.5321044921875,84.30028533935547
2025-09-23,309.8293151855469,83.51825714111328
2025-09-24,310.5030212402344,83.2608871459961
2025-09-25,310.5327453613281,83.46876525878906
2025-09-26,313.118408203125,84.15180206298828
2025-09-29,312.75189208984375,83.79542541503906
2025-09-30,312.4942932128906,82.97380065917969
2025-10-01,307.8182373046875,80.05359649658203
2025-10-02,304.6876220703125,79.68732452392578
2025-10-03,307.1445617675781,79.85560607910156
2025-10-06,307.7916259765625,79.87540435791016
2025-10-07,306.3083190917969,80.32086181640625
2025-10-08,302.6647644042969,78.92510223388672
2025-10-09,304.15802001953125,79.08348846435547
2025-10-10,299.53887939453125,76.8364028930664
2025-10-13,306.5870666503906,78.1232681274414
2025-10-14,300.7235107421875,83.70633697509766
2025-10-15,304.3172912597656,85.587158203125
2025-10-16,297.19940185546875,83.15199279785156
2025-10-17,296.22381591796875,82.43926239013672
2025-10-20,301.0022277832031,85.15159606933594
2025-10-21,295.75592041015625,83.9043197631836
2025-10-22,292.7892761230469,83.03319549560547
2025-10-23,293.2173767089844,83.60734558105469
2025-10-24,299.09088134765625,85.53766632080078
2025-10-27,302.7842102050781,86.13160705566406
2025-10-28,303.98876953125,86.02271270751953
2025-10-29,304.13812255859375,85.13179779052734
2025-10-30,308.05047607421875,85.12190246582031
2025-10-31,309.722900390625,86.09201049804688
2025-11-03,307.96087646484375,86.4186782836914
2025-11-04,307.861328125,86.2503890991211
2025-11-05,310.2803955078125,86.07220458984375
2025-11-06,312.0126037597656,85.17140197753906
2025-11-07,312.7990417480469,85.61919403076172
2025-11-10,315.4670104980469,85.67890167236328
2025-11-11,314.20269775390625,85.76846313476562
2025-11-12,318.97119140625,85.83811950683594
2025-11-13,308.0903015136719,84.2857437133789
2025-11-14,302.2466125488281,84.63404083251953
2025-11-17,299.02117919921875,83.01200866699219
2025-11-18,298.06549072265625,83.44985961914062
2025-11-19,301.90814208984375,83.7483901977539
2025-11-20,297.0401306152344,81.99700164794922
2025-11-21,296.6817321777344,82.70352935791016
2025-11-24,296.6618347167969,84.2459487915039
2025-11-25,301.6393737792969,84.68379211425781
2025-11-26,306.258544921875,85.14154052734375
2025-11-28,311.6741027832031,85.43012237548828
2025-12-01,307.5328063964844,84.98233032226562
2025-12-02,306.4974670410156,85.8978271484375
2025-12-03,310.7283935546875,88.91300201416016
2025-12-04,314.6805725097656,89.768798828125
2025-12-05,313.6253356933594,89.39066314697266
2025-12-08,313.7945556640625,89.6195297241211
2025-12-09,299.16058349609375,88.45525360107422
2025-12-10,308.7174377441406,90.24645233154295
2025-12-11,315.9548034667969,92.13715362548828
2025-12-12,317.0896911621094,92.30632781982422
2025-12-15,318.58294677734375,92.44564819335938
2025-12-16,314.1330261230469,91.73912048339844
2025-12-17,313.5655822753906,92.13715362548828
2025-12-18,311.594482421875,91.0325927734375
2025-12-19,315.7855529785156,92.55510711669922
2025-12-22,321.63916015625,93.8188934326172
2025-12-23,324.4664001464844,94.00796508789062
2025-12-24,327.6918640136719,94.83390808105467
2025-12-26,326.4375305175781,94.79410552978516
2025-12-29,322.29620361328125,94.0577163696289
2025-12-30,321.96771240234375,93.84874725341795
2025-12-31,320.7730712890625,92.74417114257812
2026-01-02,324.0184326171875,94.73439025878906
2026-01-05,332.5400085449219,95.90862274169922
2026-01-06,334.6099853515625,95.91857147216795
2026-01-07,326.989990234375,93.82884979248048
2026-01-08,329.7900085449219,95.13243865966795
2026-01-09,329.19000244140625,95.48072814941406
2026-01-12,324.489990234375,94.49556732177734
2026-01-13,310.8999938964844,93.1024169921875
2026-01-14,307.8699951171875,88.8134994506836
2026-01-15,309.260009765625,88.52490997314453
2026-01-16,312.4700012207031,87.94774627685547
2026-01-20,302.739990234375,86.23616790771484
2026-01-21,302.0400085449219,85.69880676269531
2026-01-22,303.6300048828125,87.60941314697266
2026-01-23,297.7200012207031,86.53469848632812
2026-01-26,301.0400085449219,87.61936950683594
2026-01-27,300.30999755859375,88.27613830566406
2026-01-28,300.7699890136719,87.5994644165039
2026-01-29,306.4200134277344,90.19670104980467
2026-01-30,305.8900146484375,90.04743194580078
2026-02-02,308.1400146484375,91.8187255859375
2026-02-03,314.8500061035156,91.85852813720705
2026-02-04,317.2699890136719,92.6844711303711
2026-02-05,310.1600036621094,91.55999755859376
2026-02-06,322.3999938964844,93.97000122070312
2026-02-09,322.1000061035156,94.61000061035156
2026-02-10,318.2799987792969,91.91000366210938
2026-02-11,310.82000732421875,88.94999694824219
2026-02-12,302.6400146484375,86.29000091552734
2026-02-13,302.54998779296875,86.9800033569336
2026-02-17,307.1300048828125,87.4000015258789
2026-02-18,308.7799987792969,88.55999755859375
2026-02-19,308.04998779296875,87.56999969482422
2026-02-20,310.7900085449219,88.69999694824219
2026-02-23,297.6700134277344,85.1500015258789
2026-02-24,297.29998779296875,84.56999969482422
2026-02-25,303.29998779296875,86.76000213623047
2026-02-26,306.1300048828125,86.30000305175781
2026-02-27,300.29998779296875,81.44999694824219
2026-03-02,297.55999755859375,82.58000183105469
2026-03-03,300.260009765625,82.52999877929688
2026-03-04,299.3900146484375,83.93000030517578
2026-03-05,293.54998779296875,82.11000061035156
2026-03-06,289.4800109863281,80.41999816894531
